[
        {
            "capitalCity": "Zurich",
            "lat": 47.376888,
            "long": 8.541694
        },
        {
            "capitalCity": "Paris",
            "lat": 48.856613,
            "long": 2.352222
        },
        {
            "capitalCity": "Madrid",
            "lat": 40.416775,
            "long": -3.703790
        },
        {
            "capitalCity": "London",
            "lat": 51.507351,
            "long": -0.127758
        },
        {
            "capitalCity": "Berlin",
            "lat": 52.520008,
            "long": 13.404954
        },
        {
            "capitalCity": "Amsterdam",
            "lat": 52.370216,
            "long": 4.895168
        },
        {
            "capitalCity": "Rome",
            "lat": 41.902782,
            "long": 12.496366
        },
        {
            "capitalCity": "Oslo",
            "lat": 59.911491,
            "long": 10.757933
        },
        {
            "capitalCity": "Vienna",
            "lat": 48.210033,
            "long": 16.363449
        }
    ]

